case,method,distribution_rel_l2,spectrum_rmse_noisy,spectrum_rmse_clean,wasserstein_1_tesla,lambda
gaussian,Tikhonov (diploma),0.019522731206379287,0.004916604879581846,0.0014860054535358108,0.00024117582049514198,22051.307399030455
gaussian,PINN,0.07802660752097165,0.004475110949470688,0.00200445152624307,0.0002824328752113205,nan
lorentzian,Tikhonov (diploma),0.07113606197869153,0.004323948235039518,0.002891786639188074,0.0006490543828956291,5462.277217684343
lorentzian,PINN,0.12164118520689492,0.0037393516219222265,0.0034230270248544526,0.0007124306225418373,nan
mixture,Tikhonov (diploma),0.0688851253069326,0.004765446286505286,0.0022986939215500265,0.000573130628408146,5462.277217684343
mixture,PINN,0.10998189568955916,0.004179966999486275,0.0026289398742193135,0.0007464155597090435,nan
double_gaussian,Tikhonov (diploma),0.06056601297247387,0.005054257501696024,0.0023384567889308786,0.0002954991403201784,4328.761281083057
double_gaussian,PINN,0.12366630613932778,0.00431815306339999,0.0019579805743953943,0.00035693124281359383,nan
edge_peak,Tikhonov (diploma),0.04649701569844667,0.005580801986562009,0.0015832484936721145,0.00024049865718063761,8697.490026177835
edge_peak,PINN,0.04831432228108672,0.0052933720382768714,0.0014942768688876301,0.00015552186917355829,nan
step,Tikhonov (diploma),0.16760511862246652,0.005493956887503856,0.003719516884070333,0.0004130422856001739,1707.3526474706905
step,PINN,0.11394744754201468,0.004708008331687534,0.002296055987889519,0.0002919432249388061,nan
delta,Tikhonov (diploma),0.49320250457930404,0.005030804103324825,0.0019049552921421766,0.0013805155489076497,2.535364493970112
delta,PINN,0.48628351045412904,0.0051473395806921575,0.0017984733133769519,0.0008171481788061498,nan
