temperature_K,points,tikhonov_rmse,pinn_rmse,tikhonov_lambda,pinn_amplitude,pinn_background
3.5,71,0.03423562983549051,0.03341999041047429,572236.765935022,0.016688267928279592,0.05129423789730768
4.5,71,0.036532428655120894,0.03552528259841055,453487.8508128582,0.01357511139412248,0.025501012767979364
5.5,71,0.040806332259271036,0.039528577291270905,572236.765935022,0.009880813317834377,0.017830104267739906
6.2,71,0.041756775055595524,0.04054258112330052,572236.765935022,0.008959868105275352,0.01625601191750032
6.9,71,0.03927446214946904,0.03800252843946545,572236.765935022,0.009828565544136409,0.016765840106430736
7.5,71,0.034871704775408616,0.033865024189697515,453487.8508128582,0.009566033525249594,0.01541473400658421
8.0,71,0.035422082022336696,0.0344015145124117,453487.8508128582,0.009527496337667092,0.014111221489714488
8.5,71,0.03229148807793485,0.03155975586402419,722080.9018385457,0.007534327115634575,0.012712115945880625
9.0,71,0.02788110500834972,0.026698421231361177,572236.765935022,0.005779807666538209,0.00701333582173625
9.5,71,0.025232320360064214,0.024267183602701074,178864.9529057435,0.005223824899224961,0.0035919130927856142
10.0,71,0.025398363401585092,0.024548124249959714,141747.4162926805,0.004787273489810835,0.002448729223679446
10.5,58,0.029899606742016135,0.028821156548787048,178864.9529057435,0.004489848874378045,0.0021449020159595208
11.0,35,0.015896407630660726,0.01470194513910043,44306.21457583878,0.004250216537402939,0.0014584193625733254
11.5,35,0.016847228367527018,0.015667147739617335,44306.21457583878,0.004093514045746046,0.001523611057523544
12.0,35,0.017511310682406047,0.016490891815679434,35111.917342151275,0.0039858408442542,0.0016945532467040286
12.5,27,0.01025453776707713,0.009397235190710267,13848.863713938717,0.004167590637836615,-0.0022890391612599777
13.0,27,0.010601449035089167,0.00972628740826729,13848.863713938717,0.003983766917290655,-0.00039966637455090767
14.0,27,0.010762659836347907,0.009771747264362564,13848.863713938717,0.003748876011459543,0.001082469147641569
15.0,27,0.010863162409617013,0.010108155156781092,10974.987654930568,0.0037543038395089975,3.537177094380937e-05
17.0,27,0.01072623333290224,0.009815152777737606,10974.987654930568,0.0036683521009028015,-0.00018649796476555194
20.0,27,0.01011533150392542,0.009318801134324484,8697.490026177835,0.0036134749268957544,7.001619049203233e-05
25.0,27,0.008345043058707946,0.007580272507446511,6892.612104349695,0.0034238649450023823,0.0020351138533850474
